{"cameraMode":{"drawMode":0,"name":"Shaded","section":"Shading Mode"},"sceneLighting":false,"audioPlay":false,"sceneViewState":{"showFog":true,"showMaterialUpdate":false,"showSkybox":false,"showFlares":true,"showImageEffects":true,"showParticleSystems":true},"in2DMode":false,"pivot":{"x":-9.111398696899414,"y":-16.195755004882814,"z":18.098495483398439},"rotation":{"x":-0.3788071572780609,"y":0.2653394043445587,"z":-0.11432003974914551,"w":-0.8792230486869812},"size":15.637626647949219,"orthographic":false}