{"cameraMode":{"drawMode":0,"name":"Shaded","section":"Shading Mode"},"sceneLighting":false,"audioPlay":false,"sceneViewState":{"showFog":true,"showMaterialUpdate":false,"showSkybox":false,"showFlares":true,"showImageEffects":true,"showParticleSystems":true},"in2DMode":false,"pivot":{"x":8.970502853393555,"y":0.5199832916259766,"z":0.4996100664138794},"rotation":{"x":0.09300447255373001,"y":0.6951525211334229,"z":-0.09145516157150269,"w":0.7069337368011475},"size":15.547264099121094,"orthographic":false}