{"cameraMode":{"drawMode":0,"name":"Shaded","section":"Shading Mode"},"sceneLighting":false,"audioPlay":false,"sceneViewState":{"showFog":true,"showMaterialUpdate":false,"showSkybox":false,"showFlares":true,"showImageEffects":true,"showParticleSystems":true},"in2DMode":false,"pivot":{"x":9.758736610412598,"y":-0.37138131260871889,"z":-0.24441538751125337},"rotation":{"x":0.1533946841955185,"y":0.6877025961875916,"z":-0.15220355987548829,"w":0.6930915713310242},"size":15.547264099121094,"orthographic":false}