{"cameraMode":{"drawMode":0,"name":"Shaded","section":"Shading Mode"},"sceneLighting":false,"audioPlay":false,"sceneViewState":{"showFog":true,"showMaterialUpdate":false,"showSkybox":false,"showFlares":true,"showImageEffects":true,"showParticleSystems":true},"in2DMode":false,"pivot":{"x":10.652177810668946,"y":-3.483821153640747,"z":1.0192201137542725},"rotation":{"x":0.1896464079618454,"y":0.6749307513237,"z":-0.18592897057533265,"w":0.6884327530860901},"size":15.546627044677735,"orthographic":false}