{"cameraMode":{"drawMode":0,"name":"Shaded","section":"Shading Mode"},"sceneLighting":true,"audioPlay":false,"sceneViewState":{"showFog":true,"showMaterialUpdate":false,"showSkybox":true,"showFlares":true,"showImageEffects":true,"showParticleSystems":true},"in2DMode":false,"pivot":{"x":-0.8239812850952148,"y":1.164350152015686,"z":-0.2744751572608948},"rotation":{"x":-0.10715863108634949,"y":0.7334506511688232,"z":-0.11897324025630951,"w":-0.6606155037879944},"size":1.8247449398040772,"orthographic":false}