{"cameraMode":{"drawMode":0,"name":"Shaded","section":"Shading Mode"},"sceneLighting":false,"audioPlay":false,"sceneViewState":{"showFog":true,"showMaterialUpdate":false,"showSkybox":false,"showFlares":true,"showImageEffects":true,"showParticleSystems":true},"in2DMode":false,"pivot":{"x":29.636287689208986,"y":-8.865782737731934,"z":68.02980041503906},"rotation":{"x":0.12447857856750488,"y":0.6293128132820129,"z":-0.10304940491914749,"w":0.7601727247238159},"size":25.851192474365236,"orthographic":false}