{"cameraMode":{"drawMode":0,"name":"Shaded","section":"Shading Mode"},"sceneLighting":false,"audioPlay":false,"sceneViewState":{"showFog":true,"showMaterialUpdate":false,"showSkybox":false,"showFlares":true,"showImageEffects":true,"showParticleSystems":true},"in2DMode":false,"pivot":{"x":-4.274230480194092,"y":-7.049403190612793,"z":14.214933395385743},"rotation":{"x":0.22882002592086793,"y":-0.059828996658325198,"z":0.01409201417118311,"w":0.971531331539154},"size":17.63174057006836,"orthographic":false}