{"cameraMode":{"drawMode":0,"name":"Shaded","section":"Shading Mode"},"sceneLighting":false,"audioPlay":false,"sceneViewState":{"showFog":true,"showMaterialUpdate":false,"showSkybox":false,"showFlares":true,"showImageEffects":true,"showParticleSystems":true},"in2DMode":false,"pivot":{"x":5.960464477539063e-8,"y":1.0000001192092896,"z":11.0},"rotation":{"x":0.15948954224586488,"y":0.47613075375556948,"z":-0.08826814591884613,"w":0.8602795600891113},"size":0.6928236484527588,"orthographic":false}