{"cameraMode":{"drawMode":0,"name":"Shaded","section":"Shading Mode"},"sceneLighting":false,"audioPlay":false,"sceneViewState":{"showFog":false,"showMaterialUpdate":false,"showSkybox":false,"showFlares":false,"showImageEffects":false,"showParticleSystems":false},"in2DMode":false,"pivot":{"x":32.429134368896487,"y":-16.02735137939453,"z":48.956912994384769},"rotation":{"x":0.11052332818508148,"y":0.8335652351379395,"z":-0.1805548071861267,"w":0.5102603435516357},"size":26.796340942382814,"orthographic":false}