{"cameraMode":{"drawMode":0,"name":"Shaded","section":"Shading Mode"},"sceneLighting":false,"audioPlay":false,"sceneViewState":{"showFog":true,"showMaterialUpdate":false,"showSkybox":false,"showFlares":true,"showImageEffects":true,"showParticleSystems":true},"in2DMode":false,"pivot":{"x":15.020527839660645,"y":-9.54832649230957,"z":-4.718634605407715},"rotation":{"x":0.14437222480773927,"y":0.829073429107666,"z":-0.24994543194770814,"w":0.478889137506485},"size":15.543024063110352,"orthographic":false}