{"cameraMode":{"drawMode":0,"name":"Shaded","section":"Shading Mode"},"sceneLighting":false,"audioPlay":false,"sceneViewState":{"showFog":true,"showMaterialUpdate":false,"showSkybox":false,"showFlares":true,"showImageEffects":true,"showParticleSystems":true},"in2DMode":false,"pivot":{"x":8.9166841506958,"y":-6.4264421463012699,"z":-2.162388324737549},"rotation":{"x":0.2561597228050232,"y":0.6429864168167114,"z":-0.24224896728992463,"w":0.679908037185669},"size":12.665090560913086,"orthographic":false}