{"cameraMode":{"drawMode":0,"name":"Shaded","section":"Shading Mode"},"sceneLighting":false,"audioPlay":false,"sceneViewState":{"showFog":true,"showMaterialUpdate":false,"showSkybox":false,"showFlares":true,"showImageEffects":true,"showParticleSystems":true},"in2DMode":false,"pivot":{"x":21.26378631591797,"y":-13.104960441589356,"z":0.06860660761594773},"rotation":{"x":0.20430555939674378,"y":0.6987442374229431,"z":-0.21983405947685243,"w":0.6493839025497437},"size":21.006797790527345,"orthographic":false}