{"cameraMode":{"drawMode":0,"name":"Shaded","section":"Shading Mode"},"sceneLighting":false,"audioPlay":false,"sceneViewState":{"showFog":true,"showMaterialUpdate":false,"showSkybox":false,"showFlares":true,"showImageEffects":true,"showParticleSystems":true},"in2DMode":false,"pivot":{"x":-17.257722854614259,"y":-11.289342880249024,"z":-6.513803005218506},"rotation":{"x":0.20600678026676179,"y":-0.6768079400062561,"z":0.20625878870487214,"w":0.6759878993034363},"size":17.63174057006836,"orthographic":false}